{"reading":1.2159347534179688e-05,"parsing":2.3365020751953125e-05,"building":2.86102294921875e-06,"typing":0.000530242919921875,"processed_nodes":66,"initial_nodes":60,"initial_message_sends":0,"typed_nodes_all":60,"typed_nodes_not_bottom":60,"typed_nodes_call_result":0,"typed_nodes_call_result_not_bottom":0}